{"tt0844457":0.03061551118176281,"tt2340784":0.022153530642574055,"tt0082432":0.004909692758398476,"tt0492931":0.01248825409983756,"tt3606838":0.036451583356815527,"tt0083284":0.013063793924703454,"tt1661275":0.01913588214281645,"tt0238380":0.006472362844474877,"tt0093894":0.010711983131067495,"tt0120201":0.005762924822791034,"tt0985694":0.012782870829861564,"tt0071604":0.027656765735063546,"tt1018765":0.008592768979381674,"tt0247745":0.005023411882730436,"tt3532216":0.007700720653509547,"tt0089424":0.006472293969141701,"tt0454848":0.004951460390969129,"tt0120586":0.0053716994593072078,"tt0215750":0.010376629873169473,"tt0427380":0.018315370339762196,"tt1023345":0.019023045754893415,"tt0361748":0.004152064560965357,"tt1348318":0.03357455511632289,"tt2017486":0.027551713212400867,"tt3499096":0.0036621923088359308,"tt0207198":0.0072037473186651718,"tt1486193":0.010383996509698542,"tt0347149":0.0031383593387239656,"tt0402577":0.02156522524821383,"tt0436686":0.12350285765953917,"tt1568334":0.03418052049844536,"tt0290210":0.018198391336548934,"tt0209189":0.01307313610706997,"tt1190617":0.021278704105154028,"tt5933966":0.01786889038501483,"tt0087803":0.014133154525880029,"tt5278868":0.018501997977618525,"tt2450440":0.015079852941256654,"tt0985699":0.005906423514763366,"tt7826276":0.03592280819213844}