{"tt1650554":0.0023613833458729467,"tt0093409":0.002407040850768784,"tt0120794":0.017143499016386917,"tt0808279":0.0047658836200718279,"tt1068242":0.002487792378837969,"tt0416891":0.024801263491228889,"tt0117218":0.002208026927589071,"tt0317648":0.003612390560501658,"tt1972591":0.0031227313245242589,"tt2885628":0.0019237374768266564,"tt0102975":0.0017532731343869188,"tt0804497":0.011643422911399517,"tt0387059":0.0193194285439341,"tt0390384":0.1379042281849071,"tt0981227":0.003412040265390722,"tt0144814":0.0028410704571354449,"tt0081060":0.008679746808710504,"tt2084970":0.0017930041837916529,"tt3896198":0.0027754761504786707,"tt2395427":0.0032962960652255814,"tt0838232":0.001980455906038789,"tt0377092":0.024555229376582205,"tt2363471":0.00841107160247317,"tt1122836":0.004121683742739467,"tt0417415":0.008686598423438108,"tt1314280":0.00823077417168683,"tt0160644":0.023518546908666298,"tt0763831":0.03655157242653566,"tt0295297":0.0031793989713553877,"tt1686821":0.010475709484711889,"tt0298130":0.0032219699212038155,"tt2294629":0.0016298469754641367,"tt0458525":0.0029391424152168117,"tt0304711":0.004633255681255336,"tt0831387":0.005975999035365694,"tt0245686":0.0029792792396641919,"tt4701724":0.0019614241882454244,"tt0319061":0.002672486879288023,"tt1193138":0.002329760295859809,"tt0405325":0.001978656181417545,"tt0498366":0.004157678001928345,"tt0303933":0.004675647017324046,"tt0287963":0.004235889143702562,"tt0388789":0.0066102435147721298,"tt0290334":0.002803245366668456,"tt0865556":0.0035731316889722338,"tt0758786":0.0064368992845801708,"tt0457430":0.002740336264567759,"tt3605418":0.0042714828519273789,"tt2305051":0.00490545285205586,"tt3203616":0.004110380630774393,"tt1321509":0.10938553259735468,"tt3874544":0.002755219266922924,"tt1013753":0.0013118684896879418,"tt3719896":0.01008159921174438,"tt0878804":0.004487854172687338,"tt4799064":0.009761123685656624,"tt1235170":0.024636156316348649,"tt4501244":0.00314827878119929,"tt0092699":0.07166306232606988,"tt3152624":0.11680899002380484,"tt0103644":0.03873901119830417,"tt1638355":0.00267816689124856,"tt2267998":0.0025882177651912507,"tt0112384":0.0028114810359339918,"tt0840361":0.0014935360597819114,"tt2236054":0.004396004934038053,"tt0250797":0.00616352614734794,"tt0999913":0.003488219560505892,"tt1242599":0.012352196638541697,"tt3470600":0.002631756857230203,"tt1645155":0.0017324572957725556,"tt1424327":0.04530442401323351,"tt0443536":0.002430169689853835,"tt0113862":0.0032746646893839065,"tt0300471":0.00301707594338022,"tt0087182":0.002856111596416811,"tt2404435":0.002931050667803842,"tt0231775":0.00875394735704552,"tt2007360":0.01388499202511191,"tt0113497":0.0025414785691708918,"tt2140373":0.0016436548870119442,"tt0162677":0.0026669633518310797,"tt0884732":0.003421326821661609,"tt1506999":0.03860164576438471,"tt0298814":0.0035722768010727349,"tt0465580":0.0017668862461288258,"tt0384537":0.003871013194321544,"tt0331811":0.03337621137874893,"tt0081529":0.003522535505336139,"tt0094012":0.0030650516261108617,"tt3691740":0.004038782510799964,"tt0415978":0.005761121010226946,"tt2053463":0.0028052444106899086,"tt1877832":0.0022648058289012455,"tt0424136":0.0037465898997263728,"tt0404203":0.007607703915051393,"tt0497972":0.00385916580220309,"tt1362045":0.006405428169934102,"tt1131734":0.002399782731397372,"tt0371724":0.001975466352404364,"tt3210686":0.003773140732930829,"tt1517260":0.0039651026838753169,"tt1563738":0.0025282482433997717,"tt1439562":0.009834018792941272,"tt1872181":0.0016734726428213377,"tt0084809":0.006358837884130852,"tt0800027":0.004870064232038597,"tt1412386":0.003647042912704591,"tt0085549":0.00236429576087257,"tt0327597":0.001788549082776033,"tt0218043":0.008922685423373248,"tt0117381":0.08209933205853944,"tt0102511":0.008368547806488327,"tt1133989":0.008264211764066103,"tt0107322":0.1300678546071368,"tt1455151":0.03354479925127693,"tt2294677":0.0024086487463901389,"tt0410764":0.003252247033156344,"tt0376994":0.0013733557081365648,"tt0490076":0.0044369613406865788,"tt0462322":0.00151427028267509,"tt3521126":0.0025678457051113918,"tt0133093":0.0014987974524279099,"tt2357291":0.002612082111365051,"tt1153706":0.00325361233230982,"tt0269347":0.02939537307179802,"tt3263904":0.003931306059609146,"tt0980970":0.0020481630140105589,"tt1636826":0.00270139519445101,"tt0461770":0.0026736624266367108,"tt0091499":0.0032194258359916894,"tt0375210":0.003553238876650861,"tt1707386":0.004803768850631864,"tt0106664":0.0036430349090756438,"tt0062144":0.018730404419814298,"tt0050083":0.0027672227915052644,"tt4835894":0.008490754863157846,"tt0758746":0.009839725871452291,"tt0190138":0.0032660434732484594,"tt0120866":0.05312689636443439,"tt1198138":0.0055408615765285469,"tt2091256":0.0025467649480958155,"tt0075066":0.0030845537907689608,"tt0307901":0.002086040296410557,"tt2291540":0.0022790537464914566,"tt0079470":0.005139673420744055,"tt1489889":0.0032874800871556988,"tt0076759":0.0013106145291763754,"tt0081455":0.0027869717142899868,"tt2393845":0.004711232916201283,"tt0450188":0.0026524258584706336,"tt0093010":0.004534218422137968,"tt2167202":0.0034127872395263339,"tt0209463":0.010120522832520508,"tt0113762":0.004933361129416232,"tt0119528":0.0034765561140145527,"tt1452628":0.0026446617501173946,"tt0376136":0.005945416130085183,"tt2191880":0.008565793034960388,"tt0071230":0.008063273471252603,"tt2057392":0.012142545557387497,"tt1979320":0.0042251535709230659,"tt0350258":0.00329201745696231,"tt2582846":0.004954389826810443,"tt0119361":0.010051616348457813,"tt0450385":0.0016643667248056826,"tt1945084":0.0020310080877712669,"tt1682186":0.006315587358132137,"tt0484111":0.010113269570540163,"tt0772165":0.005618438235473289,"tt0383010":0.0024891402155969167,"tt0082910":0.020786414718935825,"tt1843866":0.00187550940553821,"tt0107362":0.0020317718812675616,"tt0366551":0.010395189547652822,"tt0090056":0.0030183980444149886,"tt0326856":0.009877414463728968,"tt0768183":0.019411528266615936,"tt0822854":0.0021674645787703565,"tt2626964":0.024966061350030639,"tt2403021":0.0029895019604534247,"tt1220628":0.0023881358329983488,"tt1226229":0.14878744267836156,"tt0192657":0.006386663116064228,"tt3401882":0.0029645141041907149,"tt0324127":0.008953346853442795,"tt0357507":0.004488965438231135,"tt1605630":0.0033797499967182186,"tt2788710":0.12387787599961706,"tt2315628":0.03200041042467974,"tt1352824":0.003883969250652284,"tt0171580":0.004193551186892698,"tt0095647":0.018479172061060094,"tt0079945":0.0013873654044795153,"tt0097257":0.008350882623504253,"tt0272207":0.002929945797280754,"tt1560747":0.004137312242555118,"tt2702724":0.005160538579077403,"tt2404311":0.002109843143132581,"tt0319343":0.003918322045452629,"tt1790885":0.0017557494237302968,"tt2094766":0.0035116566432942598,"tt0464154":0.0023932050262171469,"tt0409182":0.0025390772793059625,"tt3967856":0.0021184572017794308,"tt2304953":0.0026066455942870879,"tt2382298":0.011971315247060308,"tt0356680":0.0031496175835150355,"tt0210234":0.0024653215576009039,"tt0359950":0.0035971104341945816,"tt0899106":0.0025081070963091178,"tt1041804":0.004536851834854267,"tt1124035":0.005961131782711246,"tt0207198":0.009664280658598656,"tt0427944":0.004819214268220653,"tt0844708":0.0024537848643920998,"tt0339558":0.012749266859109736,"tt3410834":0.0032479377251578248,"tt0486551":0.0027465555489523836,"tt0080455":0.0033340266973851059,"tt1666186":0.004321499713623784,"tt0801526":0.0038663948486911926,"tt0251736":0.0025033244503006896,"tt1711425":0.009387691404496258,"tt1071875":0.0034622493529893147,"tt0436339":0.00706438388412269,"tt2872718":0.004457000108730344,"tt1371111":0.0025140307738393144,"tt4303340":0.0016938934656927456,"tt1528100":0.013875985385769292,"tt2689958":0.018613597941360126,"tt0936501":0.0028692351518500578,"tt0282543":0.016626590141867727,"tt3850590":0.0025152223294514616,"tt2080374":0.002212757731003706,"tt1939659":0.0025302329048261559,"tt2170299":0.007088990728597001,"tt2369135":0.0035180475670395768,"tt2250912":0.013834995257497398,